{
    "batch_size": 128,
    "best_valid_measure": 0.9767729775947437,
    "epoch": 17,
    "last_improvement": 4,
    "last_improvement_epoch": 13,
    "learning_rate": 0.001,
    "num_increases_bs": 0,
    "num_reductions_lr": 0,
    "steps": 68,
    "test_stats": {
        "combined": {
            "accuracy": [
                0.1259259259259259,
                0.26666666666666666,
                0.2814814814814815,
                0.4,
                0.48148148148148145,
                0.6444444444444445,
                0.6074074074074074,
                0.5851851851851851,
                0.6666666666666666,
                0.6518518518518519,
                0.7037037037037037,
                0.6814814814814815,
                0.6814814814814815,
                0.7037037037037037,
                0.7037037037037037,
                0.6962962962962963,
                0.7037037037037037
            ],
            "loss": [
                4.395483822292752,
                4.07019771999783,
                2.301662317911784,
                1.582430436876085,
                1.6076060754281503,
                1.254770208288122,
                1.2251469364872685,
                1.2017265567073117,
                1.1468324025472005,
                1.093416510687934,
                1.0443742822717736,
                1.0273908332542137,
                0.9925399568345812,
                1.0066197289360894,
                1.0073534930193866,
                1.010237291124132,
                1.011256832546658
            ]
        },
        "label": {
            "accuracy": [
                0.1259259259259259,
                0.26666666666666666,
                0.2814814814814815,
                0.4,
                0.48148148148148145,
                0.6444444444444445,
                0.6074074074074074,
                0.5851851851851851,
                0.6666666666666666,
                0.6518518518518519,
                0.7037037037037037,
                0.6814814814814815,
                0.6814814814814815,
                0.7037037037037037,
                0.7037037037037037,
                0.6962962962962963,
                0.7037037037037037
            ],
            "hits_at_k": [
                0.5037037037037037,
                0.7333333333333333,
                0.5851851851851851,
                0.7407407407407407,
                0.7481481481481481,
                0.837037037037037,
                0.8148148148148148,
                0.8296296296296296,
                0.8444444444444444,
                0.8592592592592593,
                0.837037037037037,
                0.8222222222222222,
                0.8518518518518519,
                0.8592592592592593,
                0.8740740740740741,
                0.8592592592592593,
                0.8518518518518519
            ],
            "loss": [
                4.395483822292752,
                4.07019771999783,
                2.301662317911784,
                1.582430436876085,
                1.6076060754281503,
                1.254770208288122,
                1.2251469364872685,
                1.2017265567073117,
                1.1468324025472005,
                1.093416510687934,
                1.0443742822717736,
                1.0273908332542137,
                0.9925399568345812,
                1.0066197289360894,
                1.0073534930193866,
                1.010237291124132,
                1.011256832546658
            ]
        }
    },
    "train_stats": {
        "combined": {
            "accuracy": [
                0.11187214611872145,
                0.2785388127853881,
                0.5114155251141552,
                0.6621004566210046,
                0.8356164383561644,
                0.9200913242009132,
                0.9634703196347032,
                0.997716894977169,
                1.0,
                1.0,
                1.0,
                1.0,
                1.0,
                1.0,
                1.0,
                1.0,
                1.0
            ],
            "loss": [
                4.194264067906767,
                3.493953896439783,
                1.53361404976344,
                0.8826020036113861,
                0.6039989157898785,
                0.3507415508026402,
                0.22968046197063846,
                0.13489576344076357,
                0.08368813855462967,
                0.05349964325286482,
                0.036262638628754985,
                0.02800143574742966,
                0.019344118836263545,
                0.015759460355865357,
                0.012288752654099573,
                0.010296154103866995,
                0.008693039519329593
            ]
        },
        "label": {
            "accuracy": [
                0.11187214611872145,
                0.2785388127853881,
                0.5114155251141552,
                0.6621004566210046,
                0.8356164383561644,
                0.9200913242009132,
                0.9634703196347032,
                0.997716894977169,
                1.0,
                1.0,
                1.0,
                1.0,
                1.0,
                1.0,
                1.0,
                1.0,
                1.0
            ],
            "hits_at_k": [
                0.5525114155251142,
                0.7511415525114156,
                0.7808219178082192,
                0.9771689497716894,
                0.958904109589041,
                0.9634703196347032,
                1.0,
                1.0,
                1.0,
                1.0,
                1.0,
                1.0,
                1.0,
                1.0,
                1.0,
                1.0,
                1.0
            ],
            "loss": [
                4.194264067906767,
                3.493953896439783,
                1.53361404976344,
                0.8826020036113861,
                0.6039989157898785,
                0.3507415508026402,
                0.22968046197063846,
                0.13489576344076357,
                0.08368813855462967,
                0.05349964325286482,
                0.036262638628754985,
                0.02800143574742966,
                0.019344118836263545,
                0.015759460355865357,
                0.012288752654099573,
                0.010296154103866995,
                0.008693039519329593
            ]
        }
    },
    "vali_stats": {
        "combined": {
            "accuracy": [
                0.10526315789473684,
                0.17543859649122806,
                0.3508771929824561,
                0.2982456140350877,
                0.43859649122807015,
                0.5263157894736842,
                0.543859649122807,
                0.543859649122807,
                0.5263157894736842,
                0.631578947368421,
                0.6491228070175439,
                0.6491228070175439,
                0.631578947368421,
                0.6666666666666666,
                0.631578947368421,
                0.6140350877192983,
                0.631578947368421
            ],
            "loss": [
                4.073044894034402,
                3.7470625492564418,
                1.8304233216402823,
                1.8008559377569902,
                1.6184169033117461,
                1.2420412030136376,
                1.1980989690412556,
                1.2868569357353343,
                1.2132571036355537,
                1.094516486452337,
                1.014015933923554,
                1.0014080248380963,
                0.9767729775947437,
                1.0064254894591214,
                1.0226532785516036,
                1.0260303564238966,
                1.008077387224164
            ]
        },