{
    "batch_size": 128,
    "best_valid_measure": 0.9776609989634731,
    "epoch": 15,
    "last_improvement": 4,
    "last_improvement_epoch": 11,
    "learning_rate": 0.001,
    "num_increases_bs": 0,
    "num_reductions_lr": 0,
    "steps": 60,
    "test_stats": {
        "combined": {
            "accuracy": [
                0.26666666666666666,
                0.2074074074074074,
                0.22962962962962963,
                0.5333333333333333,
                0.6,
                0.6296296296296297,
                0.5925925925925926,
                0.6148148148148148,
                0.6518518518518519,
                0.6666666666666666,
                0.6666666666666666,
                0.674074074074074,
                0.6814814814814815,
                0.6592592592592592,
                0.6666666666666666
            ],
            "loss": [
                3.8713771961353443,
                2.79397789284035,
                1.801280692771629,
                1.7701510394061053,
                1.2302487973813658,
                1.2334987781665943,
                1.2541284985012477,
                1.1767009876392507,
                1.042685423956977,
                1.0098773108588324,
                1.0313867145114475,
                1.0430522353560836,
                1.0415385634810836,
                1.0249480847959165,
                1.0071811393455223
            ]
        },
        "label": {
            "accuracy": [
                0.26666666666666666,
                0.2074074074074074,
                0.22962962962962963,
                0.5333333333333333,
                0.6,
                0.6296296296296297,
                0.5925925925925926,
                0.6148148148148148,
                0.6518518518518519,
                0.6666666666666666,
                0.6666666666666666,
                0.674074074074074,
                0.6814814814814815,
                0.6592592592592592,
                0.6666666666666666
            ],
            "hits_at_k": [
                0.5185185185185185,
                0.7407407407407407,
                0.7185185185185186,
                0.7555555555555555,
                0.837037037037037,
                0.8222222222222222,
                0.837037037037037,
                0.8222222222222222,
                0.8888888888888888,
                0.8740740740740741,
                0.8740740740740741,
                0.8888888888888888,
                0.8740740740740741,
                0.8518518518518519,
                0.8518518518518519
            ],
            "loss": [
                3.8713771961353443,
                2.79397789284035,
                1.801280692771629,
                1.7701510394061053,
                1.2302487973813658,
                1.2334987781665943,
                1.2541284985012477,
                1.1767009876392507,
                1.042685423956977,
                1.0098773108588324,
                1.0313867145114475,
                1.0430522353560836,
                1.0415385634810836,
                1.0249480847959165,
                1.0071811393455223
            ]
        }
    },
    "train_stats": {
        "combined": {
            "accuracy": [
                0.2420091324200913,
                0.3287671232876712,
                0.5684931506849316,
                0.771689497716895,
                0.9246575342465754,
                0.997716894977169,
                0.9931506849315068,
                1.0,
                1.0,
                1.0,
                1.0,
                1.0,
                1.0,
                1.0,
                1.0
            ],
            "loss": [
                3.5737178924421196,
                2.187578802239405,
                1.1820245594738825,
                0.8978633358053965,
                0.4013773643807189,
                0.2753751288810277,
                0.17340488248764108,
                0.10521245628731436,
                0.05780204627067531,
                0.03658630151182549,
                0.025423571739566924,
                0.018524951858607603,
                0.013687364076642686,
                0.010480112579043053,
                0.00855351123771711
            ]
        },
        "label": {
            "accuracy": [
                0.2420091324200913,
                0.3287671232876712,
                0.5684931506849316,
                0.771689497716895,
                0.9246575342465754,
                0.997716894977169,
                0.9931506849315068,
                1.0,
                1.0,
                1.0,
                1.0,
                1.0,
                1.0,
                1.0,
                1.0
            ],
            "hits_at_k": [
                0.5639269406392694,
                0.8013698630136986,
                0.91324200913242,
                0.860730593607306,
                0.9863013698630136,
                1.0,
                1.0,
                1.0,
                1.0,
                1.0,
                1.0,
                1.0,
                1.0,
                1.0,
                1.0
            ],
            "loss": [
                3.5737178924421196,
                2.187578802239405,
                1.1820245594738825,
                0.8978633358053965,
                0.4013773643807189,
                0.2753751288810277,
                0.17340488248764108,
                0.10521245628731436,
                0.05780204627067531,
                0.03658630151182549,
                0.025423571739566924,
                0.018524951858607603,
                0.013687364076642686,
                0.010480112579043053,
                0.00855351123771711
            ]
        }
    },
    "vali_stats": {
        "combined": {
            "accuracy": [
                0.17543859649122806,
                0.3157894736842105,
                0.14035087719298245,
                0.5263157894736842,
                0.5614035087719298,
                0.7017543859649122,
                0.543859649122807,
                0.47368421052631576,
                0.5789473684210527,
                0.5789473684210527,
                0.5789473684210527,
                0.6140350877192983,
                0.5789473684210527,
                0.5789473684210527,
                0.5964912280701754
            ],
            "loss": [
                3.377882037246436,
                2.3503037837513707,
                1.7995717901932566,
                1.8415948968184621,
                1.3161989178573876,
                1.196942647298177,
                1.305048892372533,
                1.230578104654948,
                1.1147580063133908,
                1.0197933263945997,
                0.9776609989634731,
                1.0235042237398917,
                1.0534312599583675,
                1.0342777988366914,
                1.0097550509268778
            ]
        },
        "label": {
            "accuracy": [
                0.17543859649122806,
                0.3157894736842105,
                0.14035087719298245,
                0.5263157894736842,
                0.5614035087719298,
                0.7017543859649122,
                0.543859649122807,
                0.47368421052631576,
                0.5789473684210527,
                0.5789473684210527,
                0.5789473684210527,
                0.6140350877192983,
                0.5789473684210527,
                0.5789473684210527,
                0.5964912280701754
            ],